<?xml version="1.0" encoding="UTF-8" standalone="yes"?>
<WorkflowProcess Version="12.1.0.2.1" DBVersion="12.1.0.2.0" xmlns="http://xmlns.oracle.com/odmr11">
    <Nodes>
        <DataSource Id="10001" Name="INSUR_CUST_LTV_SAMPLE BUILD" Status="Complete">
            <Icon XCOORD="110" YCOORD="99"></Icon>
            <Messages/>
            <CacheSettings UseFullData="false" GenerateCache="false">
                <NumberOfRows>2000</NumberOfRows>
                <Method>
                    <TopN/>
                </Method>
            </CacheSettings>
            <SQLExpression>"N$10001" as (select "INSUR_CUST_LTV_SAMPLE"."MARITAL_STATUS", 
"INSUR_CUST_LTV_SAMPLE"."STATE", 
"INSUR_CUST_LTV_SAMPLE"."CREDIT_BALANCE", 
"INSUR_CUST_LTV_SAMPLE"."TIME_AS_CUSTOMER", 
"INSUR_CUST_LTV_SAMPLE"."CUSTOMER_ID", 
"INSUR_CUST_LTV_SAMPLE"."MORTGAGE_AMOUNT", 
"INSUR_CUST_LTV_SAMPLE"."BANK_FUNDS", 
"INSUR_CUST_LTV_SAMPLE"."N_OF_DEPENDENTS", 
"INSUR_CUST_LTV_SAMPLE"."HAS_CHILDREN", 
"INSUR_CUST_LTV_SAMPLE"."SALARY", 
"INSUR_CUST_LTV_SAMPLE"."SEX", 
"INSUR_CUST_LTV_SAMPLE"."PROFESSION", 
"INSUR_CUST_LTV_SAMPLE"."CREDIT_CARD_LIMITS", 
"INSUR_CUST_LTV_SAMPLE"."REGION", 
"INSUR_CUST_LTV_SAMPLE"."HOUSE_OWNERSHIP", 
"INSUR_CUST_LTV_SAMPLE"."N_TRANS_WEB_BANK", 
"INSUR_CUST_LTV_SAMPLE"."BUY_INSURANCE", 
"INSUR_CUST_LTV_SAMPLE"."MONTHLY_CHECKS_WRITTEN", 
"INSUR_CUST_LTV_SAMPLE"."N_TRANS_KIOSK", 
"INSUR_CUST_LTV_SAMPLE"."AGE", 
"INSUR_CUST_LTV_SAMPLE"."MONEY_MONTLY_OVERDRAWN", 
"INSUR_CUST_LTV_SAMPLE"."LTV", 
"INSUR_CUST_LTV_SAMPLE"."T_AMOUNT_AUTOM_PAYMENTS", 
"INSUR_CUST_LTV_SAMPLE"."N_TRANS_TELLER", 
"INSUR_CUST_LTV_SAMPLE"."CHECKING_AMOUNT", 
"INSUR_CUST_LTV_SAMPLE"."N_TRANS_ATM", 
"INSUR_CUST_LTV_SAMPLE"."LTV_BIN", 
"INSUR_CUST_LTV_SAMPLE"."LAST", 
"INSUR_CUST_LTV_SAMPLE"."N_MORTGAGES", 
"INSUR_CUST_LTV_SAMPLE"."CAR_OWNERSHIP", 
"INSUR_CUST_LTV_SAMPLE"."FIRST" 
from "DMUSER"."INSUR_CUST_LTV_SAMPLE"  )</SQLExpression>
            <Attributes>
                <Attribute Name="MARITAL_STATUS" DataType="VARCHAR2" Status="Valid"/>
                <Attribute Name="STATE" DataType="VARCHAR2" Status="Valid"/>
                <Attribute Name="CREDIT_BALANCE" DataType="NUMBER" Status="Valid"/>
                <Attribute Name="TIME_AS_CUSTOMER" DataType="NUMBER" Status="Valid"/>
                <Attribute Name="CUSTOMER_ID" DataType="VARCHAR2" Status="Valid"/>
                <Attribute Name="MORTGAGE_AMOUNT" DataType="NUMBER" Status="Valid"/>
                <Attribute Name="BANK_FUNDS" DataType="NUMBER" Status="Valid"/>
                <Attribute Name="N_OF_DEPENDENTS" DataType="NUMBER" Status="Valid"/>
                <Attribute Name="HAS_CHILDREN" DataType="NUMBER" Status="Valid"/>
                <Attribute Name="SALARY" DataType="NUMBER" Status="Valid"/>
                <Attribute Name="SEX" DataType="VARCHAR2" Status="Valid"/>
                <Attribute Name="PROFESSION" DataType="VARCHAR2" Status="Valid"/>
                <Attribute Name="CREDIT_CARD_LIMITS" DataType="NUMBER" Status="Valid"/>
                <Attribute Name="REGION" DataType="VARCHAR2" Status="Valid"/>
                <Attribute Name="HOUSE_OWNERSHIP" DataType="NUMBER" Status="Valid"/>
                <Attribute Name="N_TRANS_WEB_BANK" DataType="NUMBER" Status="Valid"/>
                <Attribute Name="BUY_INSURANCE" DataType="VARCHAR2" Status="Valid"/>
                <Attribute Name="MONTHLY_CHECKS_WRITTEN" DataType="NUMBER" Status="Valid"/>
                <Attribute Name="N_TRANS_KIOSK" DataType="NUMBER" Status="Valid"/>
                <Attribute Name="AGE" DataType="NUMBER" Status="Valid"/>
                <Attribute Name="MONEY_MONTLY_OVERDRAWN" DataType="NUMBER" Status="Valid"/>
                <Attribute Name="LTV" DataType="NUMBER" Status="Valid"/>
                <Attribute Name="T_AMOUNT_AUTOM_PAYMENTS" DataType="NUMBER" Status="Valid"/>
                <Attribute Name="N_TRANS_TELLER" DataType="NUMBER" Status="Valid"/>
                <Attribute Name="CHECKING_AMOUNT" DataType="NUMBER" Status="Valid"/>
                <Attribute Name="N_TRANS_ATM" DataType="NUMBER" Status="Valid"/>
                <Attribute Name="LTV_BIN" DataType="VARCHAR2" Status="Valid"/>
                <Attribute Name="LAST" DataType="VARCHAR2" Status="Valid"/>
                <Attribute Name="N_MORTGAGES" DataType="NUMBER" Status="Valid"/>
                <Attribute Name="CAR_OWNERSHIP" DataType="NUMBER" Status="Valid"/>
                <Attribute Name="FIRST" DataType="VARCHAR2" Status="Valid"/>
            </Attributes>
            <SourceTable Schema="" Name="INSUR_CUST_LTV_SAMPLE"/>
        </DataSource>
        <CreateTable TableName="MODEL_COEFFCIENTS" Table="true" Id="10015" Name="MODEL_COEFFCIENTS" Status="Complete">
            <Icon XCOORD="650" YCOORD="100"></Icon>
            <Messages/>
            <CacheSettings UseFullData="false" GenerateCache="false">
                <NumberOfRows>2000</NumberOfRows>
                <Method>
                    <TopN/>
                </Method>
            </CacheSettings>
            <SQLExpression>"N$10015" AS ( SELECT  "MODEL_SCHEMA" ,
 "MODEL_NAME" ,
 "CLASS" ,
 "ATTRIBUTE_NAME" ,
 "ATTRIBUTE_SUBNAME" ,
 "ATTRIBUTE_VALUE" ,
 "COEFFICIENT"  FROM "MODEL_COEFFCIENTS")</SQLExpression>
            <DBAttributes>
                <DBAttribute Key="No" Index="No" Name="MODEL_SCHEMA" DataType="VARCHAR2" Status="Valid"/>
                <DBAttribute Key="No" Index="No" Name="MODEL_NAME" DataType="VARCHAR2" Status="Valid"/>
                <DBAttribute Key="No" Index="No" Name="CLASS" DataType="VARCHAR2" Status="Valid"/>
                <DBAttribute Key="No" Index="No" Name="ATTRIBUTE_NAME" DataType="VARCHAR2" Status="Valid"/>
                <DBAttribute Key="No" Index="No" Name="ATTRIBUTE_SUBNAME" DataType="VARCHAR2" Status="Valid"/>
                <DBAttribute Key="No" Index="No" Name="ATTRIBUTE_VALUE" DataType="VARCHAR2" Status="Valid"/>
                <DBAttribute Key="No" Index="No" Name="COEFFICIENT" DataType="NUMBER" Status="Valid"/>
            </DBAttributes>
        </CreateTable>
        <ClassificationBuild Id="10011" Name="Class Build" Status="Complete">
            <Icon XCOORD="310" YCOORD="100"></Icon>
            <Messages/>
            <BuildDataSource SourceId="10001"/>
            <CaseAttributes>
                <Attribute Name="CUSTOMER_ID" DataType="VARCHAR2" Status="Valid"/>
            </CaseAttributes>
            <MiningAttributes AutoSpec="Yes">
                <MiningAttribute AutoPrep="Yes" MiningType="Numerical" Input="Yes" Name="AGE" DataType="NUMBER" Status="Valid"/>
                <MiningAttribute AutoPrep="Yes" MiningType="Numerical" Input="Yes" Name="BANK_FUNDS" DataType="NUMBER" Status="Valid"/>
                <MiningAttribute AutoPrep="Yes" MiningType="Categorical" Input="Yes" Name="BUY_INSURANCE" DataType="VARCHAR2" Status="Valid"/>
                <MiningAttribute AutoPrep="Yes" MiningType="Categorical" Input="Yes" Name="CAR_OWNERSHIP" DataType="NUMBER" Status="Valid"/>
                <MiningAttribute AutoPrep="Yes" MiningType="Numerical" Input="Yes" Name="CHECKING_AMOUNT" DataType="NUMBER" Status="Valid"/>
                <MiningAttribute AutoPrep="Yes" MiningType="Numerical" Input="Yes" Name="CREDIT_BALANCE" DataType="NUMBER" Status="Valid"/>
                <MiningAttribute AutoPrep="Yes" MiningType="Numerical" Input="Yes" Name="CREDIT_CARD_LIMITS" DataType="NUMBER" Status="Valid"/>
                <MiningAttribute AutoPrep="Yes" MiningType="Categorical" Input="No" Name="CUSTOMER_ID" DataType="VARCHAR2" Status="Valid"/>
                <MiningAttribute AutoPrep="Yes" MiningType="Categorical" Input="No" Name="FIRST" DataType="VARCHAR2" Status="Valid"/>
                <MiningAttribute AutoPrep="Yes" MiningType="Categorical" Input="Yes" Name="HAS_CHILDREN" DataType="NUMBER" Status="Valid"/>
                <MiningAttribute AutoPrep="Yes" MiningType="Categorical" Input="Yes" Name="HOUSE_OWNERSHIP" DataType="NUMBER" Status="Valid"/>
                <MiningAttribute AutoPrep="Yes" MiningType="Categorical" Input="No" Name="LAST" DataType="VARCHAR2" Status="Valid"/>
                <MiningAttribute AutoPrep="Yes" MiningType="Numerical" Input="Yes" Name="LTV" DataType="NUMBER" Status="Valid"/>
                <MiningAttribute AutoPrep="Yes" MiningType="Categorical" Input="Yes" Name="LTV_BIN" DataType="VARCHAR2" Status="Valid"/>
                <MiningAttribute AutoPrep="Yes" MiningType="Categorical" Input="Yes" Name="MARITAL_STATUS" DataType="VARCHAR2" Status="Valid"/>
                <MiningAttribute AutoPrep="Yes" MiningType="Numerical" Input="Yes" Name="MONEY_MONTLY_OVERDRAWN" DataType="NUMBER" Status="Valid"/>
                <MiningAttribute AutoPrep="Yes" MiningType="Numerical" Input="Yes" Name="MONTHLY_CHECKS_WRITTEN" DataType="NUMBER" Status="Valid"/>
                <MiningAttribute AutoPrep="Yes" MiningType="Numerical" Input="Yes" Name="MORTGAGE_AMOUNT" DataType="NUMBER" Status="Valid"/>
                <MiningAttribute AutoPrep="Yes" MiningType="Categorical" Input="Yes" Name="N_MORTGAGES" DataType="NUMBER" Status="Valid"/>
                <MiningAttribute AutoPrep="Yes" MiningType="Numerical" Input="Yes" Name="N_OF_DEPENDENTS" DataType="NUMBER" Status="Valid"/>
                <MiningAttribute AutoPrep="Yes" MiningType="Numerical" Input="Yes" Name="N_TRANS_ATM" DataType="NUMBER" Status="Valid"/>
                <MiningAttribute AutoPrep="Yes" MiningType="Numerical" Input="Yes" Name="N_TRANS_KIOSK" DataType="NUMBER" Status="Valid"/>
                <MiningAttribute AutoPrep="Yes" MiningType="Numerical" Input="Yes" Name="N_TRANS_TELLER" DataType="NUMBER" Status="Valid"/>
                <MiningAttribute AutoPrep="Yes" MiningType="Numerical" Input="Yes" Name="N_TRANS_WEB_BANK" DataType="NUMBER" Status="Valid"/>
                <MiningAttribute AutoPrep="Yes" MiningType="Categorical" Input="Yes" Name="PROFESSION" DataType="VARCHAR2" Status="Valid"/>
                <MiningAttribute AutoPrep="Yes" MiningType="Categorical" Input="Yes" Name="REGION" DataType="VARCHAR2" Status="Valid"/>
                <MiningAttribute AutoPrep="Yes" MiningType="Numerical" Input="Yes" Name="SALARY" DataType="NUMBER" Status="Valid"/>
                <MiningAttribute AutoPrep="Yes" MiningType="Categorical" Input="Yes" Name="SEX" DataType="VARCHAR2" Status="Valid"/>
                <MiningAttribute AutoPrep="Yes" MiningType="Categorical" Input="Yes" Name="STATE" DataType="VARCHAR2" Status="Valid"/>
                <MiningAttribute AutoPrep="Yes" MiningType="Categorical" Input="Yes" Name="TIME_AS_CUSTOMER" DataType="NUMBER" Status="Valid"/>
                <MiningAttribute AutoPrep="Yes" MiningType="Numerical" Input="Yes" Name="T_AMOUNT_AUTOM_PAYMENTS" DataType="NUMBER" Status="Valid"/>
            </MiningAttributes>
            <Stoplists>
                <Stoplist Id="1" Name="Default" Type="Basic" Language="ENGLISH" DBName="">
                    <StopTokens>
                        <Token Type="Word" Language="ENGLISH">
                            <Item>Mr</Item>
                        </Token>
                        <Token Type="Word" Language="ENGLISH">
                            <Item>Mrs</Item>
                        </Token>
                        <Token Type="Word" Language="ENGLISH">
                            <Item>Ms</Item>
                        </Token>
                        <Token Type="Word" Language="ENGLISH">
                            <Item>a</Item>
                        </Token>
                        <Token Type="Word" Language="ENGLISH">
                            <Item>all</Item>
                        </Token>
                        <Token Type="Word" Language="ENGLISH">
                            <Item>almost</Item>
                        </Token>
                        <Token Type="Word" Language="ENGLISH">
                            <Item>also</Item>
                        </Token>
                        <Token Type="Word" Language="ENGLISH">
                            <Item>although</Item>
                        </Token>
                        <Token Type="Word" Language="ENGLISH">
                            <Item>an</Item>
                        </Token>
                        <Token Type="Word" Language="ENGLISH">
                            <Item>and</Item>
                        </Token>
                        <Token Type="Word" Language="ENGLISH">
                            <Item>any</Item>
                        </Token>
                        <Token Type="Word" Language="ENGLISH">
                            <Item>are</Item>
                        </Token>
                        <Token Type="Word" Language="ENGLISH">
                            <Item>as</Item>
                        </Token>
                        <Token Type="Word" Language="ENGLISH">
                            <Item>at</Item>
                        </Token>
                        <Token Type="Word" Language="ENGLISH">
                            <Item>be</Item>
                        </Token>
                        <Token Type="Word" Language="ENGLISH">
                            <Item>because</Item>
                        </Token>
                        <Token Type="Word" Language="ENGLISH">
                            <Item>been</Item>
                        </Token>
                        <Token Type="Word" Language="ENGLISH">
                            <Item>both</Item>
                        </Token>
                        <Token Type="Word" Language="ENGLISH">
                            <Item>but</Item>
                        </Token>
                        <Token Type="Word" Language="ENGLISH">
                            <Item>by</Item>
                        </Token>
                        <Token Type="Word" Language="ENGLISH">
                            <Item>can</Item>
                        </Token>
                        <Token Type="Word" Language="ENGLISH">
                            <Item>could</Item>
                        </Token>
                        <Token Type="Word" Language="ENGLISH">
                            <Item>d</Item>
                        </Token>
                        <Token Type="Word" Language="ENGLISH">
                            <Item>did</Item>
                        </Token>
                        <Token Type="Word" Language="ENGLISH">
                            <Item>do</Item>
                        </Token>
                        <Token Type="Word" Language="ENGLISH">
                            <Item>does</Item>
                        </Token>
                        <Token Type="Word" Language="ENGLISH">
                            <Item>either</Item>
                        </Token>
                        <Token Type="Word" Language="ENGLISH">
                            <Item>for</Item>
                        </Token>
                        <Token Type="Word" Language="ENGLISH">
                            <Item>from</Item>
                        </Token>
                        <Token Type="Word" Language="ENGLISH">
                            <Item>had</Item>
                        </Token>
                        <Token Type="Word" Language="ENGLISH">
                            <Item>has</Item>
                        </Token>
                        <Token Type="Word" Language="ENGLISH">
                            <Item>have</Item>
                        </Token>
                        <Token Type="Word" Language="ENGLISH">
                            <Item>having</Item>
                        </Token>
                        <Token Type="Word" Language="ENGLISH">
                            <Item>he</Item>
                        </Token>
                        <Token Type="Word" Language="ENGLISH">
                            <Item>her</Item>
                        </Token>
                        <Token Type="Word" Language="ENGLISH">
                            <Item>here</Item>
                        </Token>
                        <Token Type="Word" Language="ENGLISH">
                            <Item>hers</Item>
                        </Token>
                        <Token Type="Word" Language="ENGLISH">
                            <Item>him</Item>
                        </Token>
                        <Token Type="Word" Language="ENGLISH">
                            <Item>his</Item>
                        </Token>
                        <Token Type="Word" Language="ENGLISH">
                            <Item>how</Item>
                        </Token>
                        <Token Type="Word" Language="ENGLISH">
                            <Item>however</Item>
                        </Token>
                        <Token Type="Word" Language="ENGLISH">
                            <Item>i</Item>
                        </Token>
                        <Token Type="Word" Language="ENGLISH">
                            <Item>if</Item>
                        </Token>
                        <Token Type="Word" Language="ENGLISH">
                            <Item>in</Item>
                        </Token>
                        <Token Type="Word" Language="ENGLISH">
                            <Item>into</Item>
                        </Token>
                        <Token Type="Word" Language="ENGLISH">
                            <Item>is</Item>
                        </Token>
                        <Token Type="Word" Language="ENGLISH">
                            <Item>it</Item>
                        </Token>
                        <Token Type="Word" Language="ENGLISH">
                            <Item>its</Item>
                        </Token>
                        <Token Type="Word" Language="ENGLISH">
                            <Item>just</Item>
                        </Token>
                        <Token Type="Word" Language="ENGLISH">
                            <Item>ll</Item>
                        </Token>
                        <Token Type="Word" Language="ENGLISH">
                            <Item>me</Item>
                        </Token>
                        <Token Type="Word" Language="ENGLISH">
                            <Item>might</Item>
                        </Token>
                        <Token Type="Word" Language="ENGLISH">
                            <Item>my</Item>
                        </Token>
                        <Token Type="Word" Language="ENGLISH">
                            <Item>no</Item>
                        </Token>
                        <Token Type="Word" Language="ENGLISH">
                            <Item>non</Item>
                        </Token>
                        <Token Type="Word" Language="ENGLISH">
                            <Item>nor</Item>
                        </Token>
                        <Token Type="Word" Language="ENGLISH">
                            <Item>not</Item>
                        </Token>
                        <Token Type="Word" Language="ENGLISH">
                            <Item>of</Item>
                        </Token>
                        <Token Type="Word" Language="ENGLISH">
                            <Item>on</Item>
                        </Token>
                        <Token Type="Word" Language="ENGLISH">
                            <Item>one</Item>
                        </Token>
                        <Token Type="Word" Language="ENGLISH">
                            <Item>only</Item>
                        </Token>
                        <Token Type="Word" Language="ENGLISH">
                            <Item>onto</Item>
                        </Token>
                        <Token Type="Word" Language="ENGLISH">
                            <Item>or</Item>
                        </Token>
                        <Token Type="Word" Language="ENGLISH">
                            <Item>our</Item>
                        </Token>
                        <Token Type="Word" Language="ENGLISH">
                            <Item>ours</Item>
                        </Token>
                        <Token Type="Word" Language="ENGLISH">
                            <Item>s</Item>
                        </Token>
                        <Token Type="Word" Language="ENGLISH">
                            <Item>shall</Item>
                        </Token>
                        <Token Type="Word" Language="ENGLISH">
                            <Item>she</Item>
                        </Token>
                        <Token Type="Word" Language="ENGLISH">
                            <Item>should</Item>
                        </Token>
                        <Token Type="Word" Language="ENGLISH">
                            <Item>since</Item>
                        </Token>
                        <Token Type="Word" Language="ENGLISH">
                            <Item>so</Item>
                        </Token>
                        <Token Type="Word" Language="ENGLISH">
                            <Item>some</Item>
                        </Token>
                        <Token Type="Word" Language="ENGLISH">
                            <Item>still</Item>
                        </Token>
                        <Token Type="Word" Language="ENGLISH">
                            <Item>such</Item>
                        </Token>
                        <Token Type="Word" Language="ENGLISH">
                            <Item>t</Item>
                        </Token>
                        <Token Type="Word" Language="ENGLISH">
                            <Item>than</Item>
                        </Token>
                        <Token Type="Word" Language="ENGLISH">
                            <Item>that</Item>
                        </Token>
                        <Token Type="Word" Language="ENGLISH">
                            <Item>the</Item>
                        </Token>
                        <Token Type="Word" Language="ENGLISH">
                            <Item>their</Item>
                        </Token>
                        <Token Type="Word" Language="ENGLISH">
                            <Item>them</Item>
                        </Token>
                        <Token Type="Word" Language="ENGLISH">
                            <Item>then</Item>
                        </Token>
                        <Token Type="Word" Language="ENGLISH">
                            <Item>there</Item>
                        </Token>
                        <Token Type="Word" Language="ENGLISH">
                            <Item>therefore</Item>
                        </Token>
                        <Token Type="Word" Language="ENGLISH">
                            <Item>these</Item>
                        </Token>
                        <Token Type="Word" Language="ENGLISH">
                            <Item>they</Item>
                        </Token>
                        <Token Type="Word" Language="ENGLISH">
                            <Item>this</Item>
                        </Token>
                        <Token Type="Word" Language="ENGLISH">
                            <Item>those</Item>
                        </Token>
                        <Token Type="Word" Language="ENGLISH">
                            <Item>though</Item>
                        </Token>
                        <Token Type="Word" Language="ENGLISH">
                            <Item>through</Item>
                        </Token>
                        <Token Type="Word" Language="ENGLISH">
                            <Item>thus</Item>
                        </Token>
                        <Token Type="Word" Language="ENGLISH">
                            <Item>to</Item>
                        </Token>
                        <Token Type="Word" Language="ENGLISH">
                            <Item>too</Item>
                        </Token>
                        <Token Type="Word" Language="ENGLISH">
                            <Item>until</Item>
                        </Token>
                        <Token Type="Word" Language="ENGLISH">
                            <Item>ve</Item>
                        </Token>
                        <Token Type="Word" Language="ENGLISH">
                            <Item>very</Item>
                        </Token>
                        <Token Type="Word" Language="ENGLISH">
                            <Item>was</Item>
                        </Token>
                        <Token Type="Word" Language="ENGLISH">
                            <Item>we</Item>
                        </Token>
                        <Token Type="Word" Language="ENGLISH">
                            <Item>were</Item>
                        </Token>
                        <Token Type="Word" Language="ENGLISH">
                            <Item>what</Item>
                        </Token>
                        <Token Type="Word" Language="ENGLISH">
                            <Item>when</Item>
                        </Token>
                        <Token Type="Word" Language="ENGLISH">
                            <Item>where</Item>
                        </Token>
                        <Token Type="Word" Language="ENGLISH">
                            <Item>whether</Item>
                        </Token>
                        <Token Type="Word" Language="ENGLISH">
                            <Item>which</Item>
                        </Token>
                        <Token Type="Word" Language="ENGLISH">
                            <Item>while</Item>
                        </Token>
                        <Token Type="Word" Language="ENGLISH">
                            <Item>who</Item>
                        </Token>
                        <Token Type="Word" Language="ENGLISH">
                            <Item>whose</Item>
                        </Token>
                        <Token Type="Word" Language="ENGLISH">
                            <Item>why</Item>
                        </Token>
                        <Token Type="Word" Language="ENGLISH">
                            <Item>will</Item>
                        </Token>
                        <Token Type="Word" Language="ENGLISH">
                            <Item>with</Item>
                        </Token>
                        <Token Type="Word" Language="ENGLISH">
                            <Item>would</Item>
                        </Token>
                        <Token Type="Word" Language="ENGLISH">
                            <Item>yet</Item>
                        </Token>
                        <Token Type="Word" Language="ENGLISH">
                            <Item>you</Item>
                        </Token>
                        <Token Type="Word" Language="ENGLISH">
                            <Item>your</Item>
                        </Token>
                        <Token Type="Word" Language="ENGLISH">
                            <Item>yours</Item>
                        </Token>
                    </StopTokens>
                </Stoplist>
            </Stoplists>
            <TextSettings TransformType="Token" CategoricalCutOffValue="200">
                <Token>
                    <Token MaxNumberPerDoc="50" MaxNumberAllDocs="3000" Frequency="IDF" StoplistId="1" Policy="">
                        <Lexer Name="" Type="Basic">
                            <Settings/>
                        </Lexer>
                        <Languages>
                            <Language Name="ENGLISH" Type="SingleByte"/>
                        </Languages>
                    </Token>
                </Token>
                <Theme Type="Single">
                    <Token MaxNumberPerDoc="50" MaxNumberAllDocs="3000" Frequency="IDF" StoplistId="1" Policy="">
                        <Lexer Name="" Type="Basic">
                            <Settings>
                                <Attribute Name="index_themes" ValueString="YES" Type="String"/>
                                <Attribute Name="theme_language" ValueString="ENGLISH" Type="String"/>
                            </Settings>
                        </Lexer>
                        <Languages>
                            <Language Name="ENGLISH" Type="SingleByte"/>
                        </Languages>
                    </Token>
                </Theme>
            </TextSettings>
            <TextAttributes/>
            <HeuristicSummaryResult StatisticTable="ODMR$18_40_47_107327FDNLGJP">
                <Attribute Name="CAR_OWNERSHIP">
                    <Reason Type="NUM_TO_CAT_MINING_TYPE"/>
                </Attribute>
                <Attribute Name="CUSTOMER_ID">
                    <Reason Type="INPUT_NONE"/>
                </Attribute>
                <Attribute Name="FIRST">
                    <Reason Type="INPUT_NONE"/>
                </Attribute>
                <Attribute Name="HAS_CHILDREN">
                    <Reason Type="NUM_TO_CAT_MINING_TYPE"/>
                </Attribute>
                <Attribute Name="HOUSE_OWNERSHIP">
                    <Reason Type="NUM_TO_CAT_MINING_TYPE"/>
                </Attribute>
                <Attribute Name="LAST">
                    <Reason Type="INPUT_NONE"/>
                </Attribute>
                <Attribute Name="N_MORTGAGES">
                    <Reason Type="NUM_TO_CAT_MINING_TYPE"/>
                </Attribute>
                <Attribute Name="TIME_AS_CUSTOMER">
                    <Reason Type="NUM_TO_CAT_MINING_TYPE"/>
                </Attribute>
            </HeuristicSummaryResult>
            <TestDataSource>
                <SplitData TestPercent="40.0" DataFormat="Table"/>
            </TestDataSource>
            <TargetAttribute Name="BUY_INSURANCE" DataType="VARCHAR2" Status="Valid"/>
            <Models>
                <CSupportVectorMachineModel Id="10025" Name="CLAS_SVM_MODEL_2" Status="Complete" CreationDate="2014-11-30T18:40:50" Annotation="" UseForOutput="true">
                    <InputMiningData DataUsage="AUTO" MiningUsage="AUTO">
                        <MiningAttributes>
                            <MiningAttribute AutoPrep="Yes" MiningType="Categorical" Input="Yes" Name="MARITAL_STATUS" DataType="VARCHAR2" Status="Valid"/>
                            <MiningAttribute AutoPrep="Yes" MiningType="Categorical" Input="Yes" Name="STATE" DataType="VARCHAR2" Status="Valid"/>
                            <MiningAttribute AutoPrep="Yes" MiningType="Numerical" Input="Yes" Name="CREDIT_BALANCE" DataType="NUMBER" Status="Valid"/>
                            <MiningAttribute AutoPrep="Yes" MiningType="Categorical" Input="Yes" Name="TIME_AS_CUSTOMER" DataType="NUMBER" Status="Valid"/>
                            <MiningAttribute AutoPrep="Yes" MiningType="Categorical" Input="No" Name="CUSTOMER_ID" DataType="VARCHAR2" Status="Valid"/>
                            <MiningAttribute AutoPrep="Yes" MiningType="Numerical" Input="Yes" Name="MORTGAGE_AMOUNT" DataType="NUMBER" Status="Valid"/>
                            <MiningAttribute AutoPrep="Yes" MiningType="Numerical" Input="Yes" Name="BANK_FUNDS" DataType="NUMBER" Status="Valid"/>
                            <MiningAttribute AutoPrep="Yes" MiningType="Numerical" Input="Yes" Name="N_OF_DEPENDENTS" DataType="NUMBER" Status="Valid"/>
                            <MiningAttribute AutoPrep="Yes" MiningType="Categorical" Input="Yes" Name="HAS_CHILDREN" DataType="NUMBER" Status="Valid"/>
                            <MiningAttribute AutoPrep="Yes" MiningType="Numerical" Input="Yes" Name="SALARY" DataType="NUMBER" Status="Valid"/>
                            <MiningAttribute AutoPrep="Yes" MiningType="Categorical" Input="Yes" Name="SEX" DataType="VARCHAR2" Status="Valid"/>
                            <MiningAttribute AutoPrep="Yes" MiningType="Categorical" Input="Yes" Name="PROFESSION" DataType="VARCHAR2" Status="Valid"/>
                            <MiningAttribute AutoPrep="Yes" MiningType="Numerical" Input="Yes" Name="CREDIT_CARD_LIMITS" DataType="NUMBER" Status="Valid"/>
                            <MiningAttribute AutoPrep="Yes" MiningType="Categorical" Input="Yes" Name="REGION" DataType="VARCHAR2" Status="Valid"/>
                            <MiningAttribute AutoPrep="Yes" MiningType="Categorical" Input="Yes" Name="HOUSE_OWNERSHIP" DataType="NUMBER" Status="Valid"/>
                            <MiningAttribute AutoPrep="Yes" MiningType="Numerical" Input="Yes" Name="N_TRANS_WEB_BANK" DataType="NUMBER" Status="Valid"/>
                            <MiningAttribute AutoPrep="Yes" MiningType="Categorical" Input="Yes" Name="BUY_INSURANCE" DataType="VARCHAR2" Status="Valid"/>
                            <MiningAttribute AutoPrep="Yes" MiningType="Numerical" Input="Yes" Name="MONTHLY_CHECKS_WRITTEN" DataType="NUMBER" Status="Valid"/>
                            <MiningAttribute AutoPrep="Yes" MiningType="Numerical" Input="Yes" Name="N_TRANS_KIOSK" DataType="NUMBER" Status="Valid"/>
                            <MiningAttribute AutoPrep="Yes" MiningType="Numerical" Input="Yes" Name="AGE" DataType="NUMBER" Status="Valid"/>
                            <MiningAttribute AutoPrep="Yes" MiningType="Numerical" Input="Yes" Name="MONEY_MONTLY_OVERDRAWN" DataType="NUMBER" Status="Valid"/>
                            <MiningAttribute AutoPrep="Yes" MiningType="Numerical" Input="Yes" Name="LTV" DataType="NUMBER" Status="Valid"/>
                            <MiningAttribute AutoPrep="Yes" MiningType="Numerical" Input="Yes" Name="T_AMOUNT_AUTOM_PAYMENTS" DataType="NUMBER" Status="Valid"/>
                            <MiningAttribute AutoPrep="Yes" MiningType="Numerical" Input="Yes" Name="N_TRANS_TELLER" DataType="NUMBER" Status="Valid"/>
                            <MiningAttribute AutoPrep="Yes" MiningType="Numerical" Input="Yes" Name="CHECKING_AMOUNT" DataType="NUMBER" Status="Valid"/>
                            <MiningAttribute AutoPrep="Yes" MiningType="Numerical" Input="Yes" Name="N_TRANS_ATM" DataType="NUMBER" Status="Valid"/>
                            <MiningAttribute AutoPrep="Yes" MiningType="Categorical" Input="Yes" Name="LTV_BIN" DataType="VARCHAR2" Status="Valid"/>
                            <MiningAttribute AutoPrep="Yes" MiningType="Categorical" Input="No" Name="LAST" DataType="VARCHAR2" Status="Valid"/>
                            <MiningAttribute AutoPrep="Yes" MiningType="Categorical" Input="Yes" Name="N_MORTGAGES" DataType="NUMBER" Status="Valid"/>
                            <MiningAttribute AutoPrep="Yes" MiningType="Categorical" Input="Yes" Name="CAR_OWNERSHIP" DataType="NUMBER" Status="Valid"/>
                            <MiningAttribute AutoPrep="Yes" MiningType="Categorical" Input="No" Name="FIRST" DataType="VARCHAR2" Status="Valid"/>
                        </MiningAttributes>
                        <HeuristicResult StatisticTable="ODMR$18_40_47_107327FDNLGJP">
                            <Attribute Name="CAR_OWNERSHIP">
                                <Reason Type="NUM_TO_CAT_MINING_TYPE"/>
                            </Attribute>
                            <Attribute Name="FIRST">
                                <Reason Type="CAT_UNIQUE_PERCENT_LIMIT"/>
                                <Reason Type="CAT_UNIQUE_COUNT_LIMIT"/>
                            </Attribute>
                            <Attribute Name="HAS_CHILDREN">
                                <Reason Type="NUM_TO_CAT_MINING_TYPE"/>
                            </Attribute>
                            <Attribute Name="HOUSE_OWNERSHIP">
                                <Reason Type="NUM_TO_CAT_MINING_TYPE"/>
                            </Attribute>
                            <Attribute Name="LAST">
                                <Reason Type="CAT_UNIQUE_PERCENT_LIMIT"/>
                                <Reason Type="CAT_UNIQUE_COUNT_LIMIT"/>
                            </Attribute>
                            <Attribute Name="N_MORTGAGES">
                                <Reason Type="NUM_TO_CAT_MINING_TYPE"/>
                            </Attribute>
                            <Attribute Name="TIME_AS_CUSTOMER">
                                <Reason Type="NUM_TO_CAT_MINING_TYPE"/>
                            </Attribute>
                        </HeuristicResult>
                    </InputMiningData>
                    <Performance>
                        <Balanced WeightsTable="ODMR$18_40_48_139282TWHQCEV"/>
                    </Performance>
                    <Tuning>
                        <None/>
                    </Tuning>
                    <CSupportVectorMachineAlgo>
                        <SVMS_ACTIVE_LEARNING>SVMS_AL_ENABLE</SVMS_ACTIVE_LEARNING>
                        <SVMS_CONV_TOLERANCE>0.001</SVMS_CONV_TOLERANCE>
                        <SVMS_KERNEL_FUNCTION>SVMS_LINEAR</SVMS_KERNEL_FUNCTION>
                    </CSupportVectorMachineAlgo>
                </CSupportVectorMachineModel>
            </Models>
            <TestSettings>
                <TopNTargets Value="5"/>
            </TestSettings>
            <Results genAccuracyMetrics="true" genConfusionMatrix="true" genROC="true" genLift="true" genTuning="false">
                <ClassificationResult ModelId="10025" Status="Complete" Name="CLAS_SVM_MODEL_2" CreationDate="2014-11-30T18:40:52">
                    <TestMetrics Name="ODMR$18_40_51_958763WUTPZRQ" CreationDate="2014-11-30T18:40:51"/>
                    <ConfusionMatrix Name="ODMR$18_40_51_809720WAGNUKM" CreationDate="2014-11-30T18:40:51"/>
                    <Lifts>
                        <Lift TargetValue="No" Name="ODMR$18_40_51_995990POBRDNC" CreationDate="2014-11-30T18:40:52"/>
                        <Lift TargetValue="Yes" Name="ODMR$18_40_52_156732JRYINUT" CreationDate="2014-11-30T18:40:52"/>
                    </Lifts>
                    <ROCs>
                        <ROC TargetValue="No" Name="ODMR$18_40_52_195180TUXISGF" CreationDate="2014-11-30T18:40:52"/>
                        <ROC TargetValue="Yes" Name="ODMR$18_40_52_234059CWKTYRL" CreationDate="2014-11-30T18:40:52"/>
                        <AreaUnderCurve Area="0.7983728051185608" TargetValue="No"/>
                        <AreaUnderCurve Area="0.8006837964057922" TargetValue="Yes"/>
                    </ROCs>
                </ClassificationResult>
            </Results>
        </ClassificationBuild>
        <ModelDetails Id="10013" Name="Coefficients" Status="Complete">
            <Icon XCOORD="479" YCOORD="99"></Icon>
            <Messages/>
            <CacheSettings UseFullData="false" GenerateCache="false">
                <NumberOfRows>2000</NumberOfRows>
                <Method>
                    <TopN/>
                </Method>
            </CacheSettings>
            <SQLExpression>"N$10013" as (select "MODEL_SCHEMA",
"MODEL_NAME",
"CLASS",
"ATTRIBUTE_NAME",
"ATTRIBUTE_SUBNAME",
"ATTRIBUTE_VALUE",
"COEFFICIENT" from (SELECT CAST('DMUSER' AS VARCHAR2(30)) as "MODEL_SCHEMA",
     CAST('CLAS_SVM_MODEL_2' AS VARCHAR2(30)) as "MODEL_NAME",  
     t.class as "CLASS",
     s.attribute_name as "ATTRIBUTE_NAME",
     s.attribute_subname as "ATTRIBUTE_SUBNAME",
     s.attribute_value as "ATTRIBUTE_VALUE",
     s.coefficient as "COEFFICIENT"
   FROM TABLE(dbms_data_mining.get_model_details_svm('"DMUSER"."CLAS_SVM_MODEL_2"')) t,
     TABLE(t.attribute_set) s) )</SQLExpression>
            <ModelDetailsOutput Type="SVMCCoefficients" MiningFunction="CLASSIFICATION" MiningAlgorithm="SUPPORT_VECTOR_MACHINES" AutoSpec="No">
                <Models>
                    <Model IsModelBuilt="true" NodeId="10011" Schema="" Name="CLAS_SVM_MODEL_2" MiningFunction="CLASSIFICATION" MiningAlgorithm="SUPPORT_VECTOR_MACHINES" Status="Valid" UseForOutput="true" ModelId="10025"/>
                </Models>
                <Attributes>
                    <Attribute Name="MODEL_SCHEMA" DataType="VARCHAR2" Status="Valid"/>
                    <Attribute Name="MODEL_NAME" DataType="VARCHAR2" Status="Valid"/>
                    <Attribute Name="CLASS" DataType="VARCHAR2" Status="Valid"/>
                    <Attribute Name="ATTRIBUTE_NAME" DataType="VARCHAR2" Status="Valid"/>
                    <Attribute Name="ATTRIBUTE_SUBNAME" DataType="VARCHAR2" Status="Valid"/>
                    <Attribute Name="ATTRIBUTE_VALUE" DataType="VARCHAR2" Status="Valid"/>
                    <Attribute Name="COEFFICIENT" DataType="NUMBER" Status="Valid"/>
                </Attributes>
            </ModelDetailsOutput>
        </ModelDetails>
    </Nodes>
    <Links>
        <Link Id="10012" From="10001" To="10011" Name="Link" Label="From &quot;INSUR_CUST_LTV_SAMPLE BUILD&quot; to &quot;Class Build&quot;">
            <ConnectorGraphicsInfo>
                <Coordinates XCoordinate="0.0" YCoordinate="0.0"/>
            </ConnectorGraphicsInfo>
        </Link>
        <Link Id="10016" From="10013" To="10015" Name="Link" Label="From &quot;Coefficients&quot; to &quot;MODEL_COEFFCIENTS&quot;">
            <ConnectorGraphicsInfo>
                <Coordinates XCoordinate="0.0" YCoordinate="0.0"/>
            </ConnectorGraphicsInfo>
        </Link>
        <Link Id="10017" From="10011" To="10013" Name="Link" Label="From &quot;Class Build&quot; to &quot;Coefficients&quot;">
            <ConnectorGraphicsInfo>
                <Coordinates XCoordinate="0.0" YCoordinate="0.0"/>
            </ConnectorGraphicsInfo>
        </Link>
    </Links>
</WorkflowProcess>
